Student_ID,Attendance,Study_Hours,Assignment_Score,Mid1_Score,Mid2_Score,Previous_Semester_Score,Internal_Assessment,Final_Score,Performance_Category
S0001,88.0,5.5,91.0,57.0,46.0,69,40,67.33,Average Performer
S0002,78.0,4.4,73.0,37.0,61.0,56,94,56.43,Average Performer
S0003,64.0,5.1,100.0,38.0,88.0,82,61,72.92,Average Performer
S0004,92.0,6.2,53.0,92.0,87.0,71,79,74.6,Average Performer
S0005,57.0,4.9,75.0,59.0,76.0,81,76,65.79,Average Performer
S0006,70.0,5.1,72.0,81.0,93.0,90,86,77.21,High Performer
S0007,88.0,5.0,62.0,72.0,81.0,53,40,74.66,Average Performer
S0008,68.0,3.7,89.0,49.0,64.0,49,40,59.37,Average Performer
S0009,72.0,3.4,84.0,55.0,75.0,86,96,69.01,Average Performer
S0010,60.0,7.3,41.0,69.0,68.0,90,81,61.81,Average Performer
S0011,75.0,5.3,80.0,91.0,71.0,75,93,71.93,Average Performer
S0012,73.0,2.7,60.0,87.0,40.0,73,81,60.6,Average Performer
S0013,85.0,4.5,41.0,87.0,41.0,48,60,58.75,Average Performer
S0014,89.0,3.3,66.0,80.0,66.0,81,54,71.02,Average Performer
S0015,73.0,7.5,96.0,86.0,66.0,67,56,69.1,Average Performer
S0016,52.0,1.1,48.0,48.0,87.0,50,61,49.22,Needs Attention
S0017,71.0,2.6,40.0,70.0,59.0,53,77,57.42,Average Performer
S0018,51.0,3.6,50.0,46.0,67.0,78,74,55.76,Average Performer
S0019,73.0,4.4,42.0,51.0,89.0,94,84,66.2,Average Performer
S0020,93.0,7.0,91.0,73.0,92.0,86,55,83.48,High Performer
S0021,79.0,1.6,62.0,43.0,41.0,93,47,53.92,Average Performer
S0022,87.0,6.6,65.0,69.0,86.0,58,86,74.79,Average Performer
S0023,51.0,1.4,43.0,94.0,91.0,93,56,68.45,Average Performer
S0024,70.0,6.9,57.0,47.0,46.0,54,56,57.53,Average Performer
S0025,82.0,1.4,94.0,49.0,50.0,67,93,60.98,Average Performer
S0026,61.0,4.7,45.0,52.0,50.0,63,65,52.75,Average Performer
S0027,71.0,5.9,74.0,85.0,77.0,47,52,71.37,Average Performer
S0028,93.0,8.0,61.0,67.0,87.0,82,56,81.25,High Performer
S0029,74.0,7.3,82.0,40.0,70.0,48,77,69.35,Average Performer
S0030,98.0,5.0,54.0,93.0,47.0,86,56,67.77,Average Performer
S0031,76.0,7.4,61.0,61.0,41.0,72,87,61.12,Average Performer
S0032,91.0,1.0,99.0,57.0,70.0,72,53,71.74,Average Performer
S0033,77.0,7.8,76.0,93.0,81.0,58,84,74.41,Average Performer
S0034,65.0,4.4,91.0,61.0,85.0,42,45,70.96,Average Performer
S0035,64.0,6.1,81.0,68.0,43.0,49,74,60.82,Average Performer
S0036,96.0,6.7,51.0,90.0,66.0,79,85,78.63,High Performer
S0037,100.0,6.0,86.0,80.0,45.0,86,53,74.8,Average Performer
S0038,93.0,4.7,88.0,72.0,42.0,81,86,67.52,Average Performer
S0039,52.0,4.3,81.0,48.0,67.0,40,47,59.37,Average Performer
S0040,86.0,6.9,77.0,70.0,57.0,68,100,81.1,High Performer
S0041,100.0,2.4,57.0,87.0,59.0,89,54,70.2,Average Performer
S0042,56.0,7.8,84.0,42.0,90.0,73,93,68.98,Average Performer
S0043,70.0,6.0,74.0,69.0,42.0,90,100,59.35,Average Performer
S0044,58.0,2.4,69.0,53.0,79.0,52,66,63.3,Average Performer
S0045,88.0,6.2,63.0,64.0,56.0,93,52,71.89,Average Performer
S0046,67.0,4.7,81.0,48.0,93.0,40,88,61.65,Average Performer
S0047,53.0,6.0,69.0,93.0,38.0,73,70,57.76,Average Performer
S0048,74.0,6.4,53.0,54.0,74.0,68,92,60.3,Average Performer
S0049,63.0,1.6,45.0,83.0,37.0,87,95,60.34,Average Performer
S0050,99.0,4.5,42.0,59.0,63.0,86,74,69.53,Average Performer
S0051,58.0,7.5,69.0,74.0,75.0,52,99,64.53,Average Performer
S0052,75.0,3.2,46.0,58.0,63.0,87,45,61.75,Average Performer
S0053,51.0,5.2,91.0,48.0,68.0,88,44,63.73,Average Performer
S0054,69.0,3.6,53.0,60.0,68.0,92,61,62.1,Average Performer
S0055,77.0,4.2,48.0,72.0,62.0,68,97,68.16,Average Performer
S0056,96.0,4.8,54.0,57.0,47.0,78,88,61.49,Average Performer
S0057,56.0,4.8,60.0,56.0,49.0,63,62,58.84,Average Performer
S0058,93.0,2.4,74.0,82.0,94.0,65,64,74.81,Average Performer
S0059,57.0,5.8,41.0,91.0,57.0,56,73,67.54,Average Performer
S0060,96.0,1.6,66.0,53.0,78.0,46,65,61.73,Average Performer
S0061,84.0,2.0,41.0,80.0,60.0,52,86,61.4,Average Performer
S0062,63.0,1.0,74.0,85.0,38.0,44,44,56.08,Average Performer
S0063,66.0,1.8,57.0,37.0,60.0,65,65,52.86,Average Performer
S0064,85.0,4.3,53.0,76.0,74.0,88,59,72.47,Average Performer
S0065,99.0,5.2,59.0,53.0,43.0,42,45,55.64,Average Performer
S0066,89.0,6.6,57.0,43.0,89.0,46,45,66.09,Average Performer
S0067,53.0,1.7,49.0,62.0,39.0,88,98,53.96,Average Performer
S0068,51.0,7.0,64.0,54.0,90.0,78,89,66.27,Average Performer
S0069,55.0,6.2,41.0,79.0,66.0,92,57,65.61,Average Performer
S0070,91.0,3.9,64.0,41.0,54.0,40,43,52.81,Average Performer
S0071,53.0,7.5,100.0,48.0,84.0,88,56,70.12,Average Performer
S0072,78.0,7.9,93.0,43.0,45.0,56,96,63.19,Average Performer
S0073,67.0,2.4,72.0,93.0,49.0,82,53,64.88,Average Performer
S0074,75.0,3.7,75.0,94.0,66.0,64,53,75.34,High Performer
S0075,93.0,7.5,70.0,89.0,62.0,42,52,78.0,High Performer
S0076,83.0,6.1,53.0,66.0,56.0,54,46,71.56,Average Performer
S0077,59.0,1.3,40.0,94.0,75.0,68,83,62.46,Average Performer
S0078,85.0,6.5,85.0,53.0,51.0,92,94,73.67,Average Performer
S0079,63.0,6.8,55.0,81.0,93.0,82,54,73.69,Average Performer
S0080,80.0,6.3,93.0,86.0,60.0,71,58,75.59,High Performer
S0081,97.0,6.6,85.0,48.0,78.0,65,82,74.32,Average Performer
S0082,64.0,6.8,100.0,90.0,41.0,55,86,75.88,High Performer
S0083,57.0,2.3,91.0,72.0,76.0,64,83,71.6,Average Performer
S0084,63.0,2.6,42.0,87.0,91.0,93,74,72.33,Average Performer
S0085,72.0,5.4,74.0,95.0,60.0,67,56,70.89,Average Performer
S0086,89.0,7.4,80.0,70.0,59.0,48,74,71.62,Average Performer
S0087,70.0,3.2,45.0,74.0,44.0,95,58,61.54,Average Performer
S0088,65.0,5.1,64.0,51.0,93.0,95,59,67.39,Average Performer
S0089,94.0,5.8,52.0,64.0,79.0,40,75,71.56,Average Performer
S0090,67.0,4.2,92.0,43.0,53.0,68,74,58.34,Average Performer
S0091,96.0,6.0,73.0,67.0,45.0,61,71,69.38,Average Performer
S0092,73.0,7.3,47.0,90.0,47.0,55,97,59.83,Average Performer
S0093,75.0,5.4,60.0,86.0,87.0,80,87,74.7,Average Performer
S0094,74.0,4.8,73.0,59.0,42.0,90,83,70.13,Average Performer
S0095,94.0,4.1,43.0,48.0,74.0,83,79,69.11,Average Performer
S0096,90.0,5.0,64.0,45.0,38.0,90,63,65.96,Average Performer
S0097,78.0,3.5,54.0,87.0,81.0,93,100,73.1,Average Performer
S0098,64.0,3.7,43.0,69.0,65.0,80,100,63.06,Average Performer
S0099,94.0,4.7,84.0,75.0,62.0,46,56,74.75,Average Performer
S0100,50.0,1.5,99.0,93.0,45.0,53,46,63.45,Average Performer
S0101,74.0,2.6,51.0,48.0,66.0,68,82,62.48,Average Performer
S0102,56.0,4.8,71.0,64.0,35.0,58,89,61.59,Average Performer
S0103,58.0,4.0,71.0,75.0,83.0,58,40,62.53,Average Performer
S0104,73.0,3.3,67.0,38.0,81.0,41,74,59.0,Average Performer
S0105,50.0,6.1,52.0,93.0,86.0,80,71,65.99,Average Performer
S0106,93.0,5.9,70.0,38.0,72.0,84,75,65.86,Average Performer
S0107,57.0,2.2,53.0,62.0,58.0,54,52,56.77,Average Performer
S0108,73.0,7.2,59.0,42.0,88.0,42,45,60.35,Average Performer
S0109,60.0,4.5,57.0,36.0,94.0,50,97,63.11,Average Performer
S0110,100.0,6.2,68.0,75.0,91.0,92,53,86.43,High Performer
S0111,66.0,5.0,99.0,95.0,81.0,85,76,80.02,High Performer
S0112,57.0,8.0,45.0,80.0,65.0,69,87,67.96,Average Performer
S0113,84.0,6.3,71.0,56.0,75.0,79,54,72.78,Average Performer
S0114,84.0,5.9,68.0,75.0,80.0,57,86,70.24,Average Performer
S0115,82.0,6.5,82.0,90.0,84.0,90,43,79.3,High Performer
S0116,54.0,2.0,41.0,89.0,60.0,87,79,58.39,Average Performer
S0117,91.0,2.4,99.0,50.0,83.0,41,98,69.44,Average Performer
S0118,88.0,6.0,62.0,63.0,84.0,71,55,74.3,Average Performer
S0119,90.0,4.5,58.0,83.0,39.0,47,67,61.86,Average Performer
S0120,77.0,6.3,70.0,82.0,54.0,61,55,68.14,Average Performer
S0121,56.0,1.7,90.0,64.0,86.0,45,43,59.92,Average Performer
S0122,58.0,4.8,44.0,46.0,75.0,51,84,60.18,Average Performer
S0123,57.0,3.7,58.0,69.0,45.0,86,65,56.81,Average Performer
S0124,61.0,4.2,73.0,45.0,90.0,79,67,70.17,Average Performer
S0125,83.0,5.2,49.0,80.0,88.0,75,71,73.98,Average Performer
S0126,82.0,4.5,64.0,84.0,67.0,54,84,66.08,Average Performer
S0127,97.0,4.8,41.0,55.0,84.0,67,41,66.39,Average Performer
S0128,72.0,4.4,50.0,55.0,72.0,91,70,61.11,Average Performer
S0129,73.0,3.9,89.0,39.0,61.0,88,42,64.52,Average Performer
S0130,86.0,6.4,100.0,82.0,68.0,84,93,80.87,High Performer
S0131,84.0,1.1,70.0,54.0,49.0,57,47,57.54,Average Performer
S0132,93.0,5.2,95.0,71.0,66.0,41,63,71.59,Average Performer
S0133,89.0,5.0,54.0,37.0,95.0,52,54,63.53,Average Performer
S0134,71.0,6.0,48.0,78.0,92.0,84,82,70.98,Average Performer
S0135,76.0,5.2,62.0,67.0,55.0,93,70,69.41,Average Performer
S0136,84.0,6.8,58.0,87.0,80.0,54,48,72.98,Average Performer
S0137,50.0,7.7,48.0,95.0,39.0,59,78,60.56,Average Performer
S0138,84.0,3.4,74.0,43.0,40.0,68,84,58.31,Average Performer
S0139,86.0,2.6,60.0,95.0,72.0,81,41,70.31,Average Performer
S0140,96.0,4.0,48.0,43.0,56.0,68,47,58.42,Average Performer
S0141,63.0,3.0,67.0,38.0,52.0,42,46,50.77,Average Performer
S0142,52.0,5.3,85.0,69.0,48.0,58,95,59.3,Average Performer
S0143,50.0,7.4,90.0,51.0,44.0,42,83,55.58,Average Performer
S0144,54.0,2.0,46.0,68.0,80.0,93,90,67.23,Average Performer
S0145,75.0,1.7,55.0,58.0,47.0,53,78,54.06,Average Performer
S0146,63.0,2.8,55.0,66.0,65.0,79,81,60.15,Average Performer
S0147,88.0,6.1,99.0,35.0,64.0,94,100,68.72,Average Performer
S0148,76.0,5.2,72.0,42.0,37.0,43,96,58.65,Average Performer
S0149,58.0,1.7,43.0,79.0,64.0,91,55,57.03,Average Performer
S0150,64.0,7.4,43.0,57.0,40.0,50,74,54.7,Average Performer
S0151,64.0,6.5,78.0,81.0,63.0,70,69,65.13,Average Performer
S0152,75.0,1.2,79.0,74.0,42.0,82,49,64.35,Average Performer
S0153,91.0,5.6,56.0,46.0,78.0,71,77,71.48,Average Performer
S0154,62.0,6.4,76.0,88.0,79.0,66,57,74.5,Average Performer
S0155,100.0,3.6,78.0,46.0,77.0,69,89,66.65,Average Performer
S0156,81.0,1.5,99.0,80.0,78.0,82,44,77.07,High Performer
S0157,88.0,1.5,91.0,81.0,67.0,41,92,68.57,Average Performer
S0158,98.0,1.7,68.0,49.0,51.0,88,68,60.19,Average Performer
S0159,81.0,6.9,91.0,75.0,82.0,48,78,75.7,High Performer
S0160,53.0,7.4,75.0,53.0,45.0,67,99,59.29,Average Performer
S0161,79.0,1.9,99.0,60.0,47.0,70,73,63.08,Average Performer
S0162,86.0,2.7,77.0,86.0,84.0,73,82,80.67,High Performer
S0163,72.0,2.2,78.0,63.0,45.0,95,84,69.64,Average Performer
S0164,88.0,2.3,89.0,56.0,65.0,54,62,61.84,Average Performer
S0165,94.0,6.9,76.0,74.0,62.0,87,44,73.13,Average Performer
S0166,64.0,3.3,91.0,55.0,78.0,64,69,66.63,Average Performer
S0167,92.0,3.2,100.0,85.0,40.0,75,45,70.18,Average Performer
S0168,78.0,2.6,74.0,72.0,75.0,47,95,69.35,Average Performer
S0169,85.0,5.3,46.0,54.0,50.0,48,97,62.4,Average Performer
S0170,62.0,3.7,66.0,91.0,38.0,76,100,66.65,Average Performer
S0171,81.0,6.2,67.0,63.0,69.0,87,85,73.63,Average Performer
S0172,56.0,2.4,61.0,85.0,94.0,84,83,76.08,High Performer
S0173,100.0,6.5,53.0,38.0,82.0,78,43,63.63,Average Performer
S0174,71.0,5.2,46.0,89.0,90.0,71,68,77.04,High Performer
S0175,77.0,1.8,76.0,41.0,93.0,91,62,66.36,Average Performer
S0176,51.0,3.9,100.0,62.0,60.0,56,45,63.71,Average Performer
S0177,91.0,7.0,61.0,62.0,91.0,74,71,72.81,Average Performer
S0178,94.0,7.5,44.0,38.0,46.0,76,81,58.62,Average Performer
S0179,55.0,4.3,94.0,56.0,45.0,58,57,60.24,Average Performer
S0180,77.0,4.4,41.0,46.0,71.0,83,54,54.56,Average Performer
S0181,77.0,7.4,66.0,79.0,59.0,68,79,74.02,Average Performer
S0182,93.0,5.1,60.0,37.0,52.0,46,97,63.73,Average Performer
S0183,93.0,1.2,93.0,56.0,53.0,67,71,66.33,Average Performer
S0184,69.0,7.4,77.0,78.0,57.0,48,48,67.38,Average Performer
S0185,79.0,2.7,54.0,36.0,89.0,67,76,59.6,Average Performer
S0186,60.0,5.0,60.0,58.0,72.0,45,49,60.97,Average Performer
S0187,77.0,2.2,49.0,68.0,88.0,68,59,66.94,Average Performer
S0188,74.0,1.2,62.0,61.0,52.0,56,45,52.99,Average Performer
S0189,88.0,3.2,97.0,89.0,60.0,55,87,73.83,Average Performer
S0190,82.0,6.5,95.0,75.0,40.0,62,95,70.62,Average Performer
S0191,50.0,2.9,78.0,35.0,38.0,70,98,49.92,Needs Attention
S0192,76.0,2.5,44.0,42.0,78.0,42,42,50.51,Average Performer
S0193,62.0,2.5,40.0,57.0,85.0,60,81,61.45,Average Performer
S0194,90.0,4.6,52.0,72.0,63.0,65,50,65.67,Average Performer
S0195,52.0,7.8,60.0,40.0,93.0,75,82,65.45,Average Performer
S0196,88.0,4.2,65.0,56.0,95.0,81,56,70.92,Average Performer
S0197,55.0,4.9,89.0,59.0,68.0,76,71,67.23,Average Performer
S0198,57.0,7.0,84.0,52.0,51.0,92,43,63.55,Average Performer
S0199,76.0,4.7,60.0,51.0,77.0,61,43,66.39,Average Performer
S0200,58.0,2.3,92.0,95.0,77.0,81,56,74.44,Average Performer
S0201,86.0,3.1,57.0,46.0,87.0,51,80,63.94,Average Performer
S0202,82.0,3.2,76.0,40.0,50.0,81,58,57.78,Average Performer
S0203,100.0,3.8,84.0,60.0,36.0,52,44,65.6,Average Performer
S0204,91.0,4.0,71.0,61.0,68.0,50,71,66.35,Average Performer
S0205,93.0,6.6,75.0,42.0,89.0,93,61,74.48,Average Performer
S0206,73.0,3.4,56.0,53.0,42.0,55,95,55.13,Average Performer
S0207,64.0,4.3,74.0,94.0,47.0,47,45,62.15,Average Performer
S0208,81.0,5.4,88.0,76.0,76.0,79,74,76.34,High Performer
S0209,81.0,3.6,99.0,35.0,42.0,79,61,66.78,Average Performer
S0210,73.0,6.9,50.0,91.0,64.0,84,40,67.26,Average Performer
S0211,90.0,5.1,60.0,63.0,66.0,41,59,62.51,Average Performer
S0212,98.0,3.1,91.0,79.0,70.0,69,61,80.25,High Performer
S0213,98.0,6.0,94.0,83.0,81.0,69,87,82.63,High Performer
S0214,61.0,4.7,92.0,69.0,64.0,51,94,65.75,Average Performer
S0215,88.0,4.7,65.0,74.0,35.0,49,50,64.35,Average Performer
S0216,51.0,4.4,43.0,48.0,77.0,83,52,52.69,Average Performer
S0217,52.0,4.5,73.0,69.0,73.0,50,98,66.61,Average Performer
S0218,98.0,6.4,91.0,82.0,51.0,54,81,75.84,High Performer
S0219,86.0,1.7,87.0,79.0,93.0,55,42,75.34,High Performer
S0220,98.0,3.3,99.0,54.0,54.0,56,48,68.69,Average Performer
S0221,66.0,1.5,57.0,90.0,58.0,65,99,62.42,Average Performer
S0222,98.0,6.3,79.0,83.0,84.0,41,51,80.95,High Performer
S0223,51.0,2.9,74.0,47.0,56.0,89,62,55.15,Average Performer
S0224,51.0,7.3,80.0,95.0,63.0,51,53,70.08,Average Performer
S0225,77.0,4.7,68.0,72.0,56.0,90,72,72.21,Average Performer
S0226,72.0,6.6,91.0,83.0,78.0,65,57,80.34,High Performer
S0227,86.0,7.9,68.0,80.0,43.0,62,88,69.7,Average Performer
S0228,81.0,6.9,77.0,83.0,71.0,57,98,77.44,High Performer
S0229,82.0,7.1,81.0,42.0,44.0,71,80,62.87,Average Performer
S0230,50.0,3.9,60.0,77.0,70.0,88,48,71.01,Average Performer
S0231,68.0,4.9,81.0,54.0,71.0,77,62,68.79,Average Performer
S0232,51.0,2.8,52.0,94.0,62.0,86,49,63.3,Average Performer
S0233,93.0,2.4,88.0,67.0,62.0,42,58,68.04,Average Performer
S0234,75.0,4.5,80.0,60.0,76.0,77,100,72.62,Average Performer
S0235,81.0,5.2,56.0,73.0,77.0,42,86,69.61,Average Performer
S0236,55.0,3.4,95.0,55.0,55.0,69,44,59.03,Average Performer
S0237,81.0,5.0,48.0,87.0,58.0,40,86,64.52,Average Performer
S0238,53.0,7.2,80.0,83.0,76.0,69,91,72.59,Average Performer
S0239,60.0,4.9,40.0,76.0,94.0,84,62,64.98,Average Performer
S0240,66.0,6.0,41.0,77.0,74.0,71,69,68.25,Average Performer
S0241,87.0,6.6,99.0,88.0,36.0,67,64,71.14,Average Performer
S0242,73.0,7.9,87.0,75.0,89.0,60,67,74.52,Average Performer
S0243,54.0,5.2,68.0,43.0,42.0,85,73,55.31,Average Performer
S0244,83.0,6.6,72.0,58.0,82.0,52,84,71.01,Average Performer
S0245,55.0,7.7,49.0,71.0,61.0,66,95,64.55,Average Performer
S0246,71.0,7.6,89.0,83.0,56.0,75,87,73.1,Average Performer
S0247,60.0,2.0,97.0,75.0,71.0,46,86,65.47,Average Performer
S0248,97.0,3.8,99.0,51.0,61.0,61,64,71.83,Average Performer
S0249,65.0,3.3,79.0,58.0,91.0,49,49,67.19,Average Performer
S0250,82.0,1.6,60.0,55.0,63.0,78,53,62.82,Average Performer
S0251,58.0,5.4,67.0,85.0,37.0,92,81,64.8,Average Performer
S0252,55.0,6.2,50.0,93.0,78.0,54,96,69.61,Average Performer
S0253,65.0,6.9,94.0,73.0,47.0,54,85,68.34,Average Performer
S0254,78.0,1.9,73.0,89.0,79.0,43,97,69.23,Average Performer
S0255,52.0,7.1,47.0,75.0,44.0,71,69,63.32,Average Performer
S0256,69.0,5.5,98.0,73.0,70.0,62,94,77.49,High Performer
S0257,85.0,5.9,61.0,47.0,43.0,94,80,65.83,Average Performer
S0258,68.0,7.4,47.0,45.0,88.0,45,64,61.07,Average Performer
S0259,75.0,5.4,88.0,80.0,90.0,63,53,78.17,High Performer
S0260,52.0,3.4,54.0,53.0,89.0,59,74,62.84,Average Performer
S0261,68.0,6.8,56.0,45.0,61.0,76,91,58.48,Average Performer
S0262,69.0,3.5,99.0,47.0,68.0,59,87,70.48,Average Performer
S0263,81.0,1.2,62.0,80.0,85.0,51,73,63.23,Average Performer
S0264,56.0,6.8,63.0,79.0,35.0,72,49,62.01,Average Performer
S0265,90.0,3.4,84.0,35.0,66.0,67,74,68.96,Average Performer
S0266,82.0,6.4,58.0,74.0,59.0,47,50,64.96,Average Performer
S0267,89.0,3.5,44.0,78.0,63.0,40,50,62.15,Average Performer
S0268,88.0,7.0,71.0,53.0,41.0,76,60,66.65,Average Performer
S0269,67.0,2.5,83.0,46.0,83.0,61,60,68.81,Average Performer
S0270,89.0,7.8,40.0,42.0,37.0,45,61,54.11,Average Performer
S0271,50.0,6.5,62.0,42.0,54.0,60,84,52.86,Average Performer
S0272,60.0,1.8,76.0,95.0,54.0,71,46,63.13,Average Performer
S0273,77.0,5.0,47.0,87.0,87.0,74,94,69.69,Average Performer
S0274,74.0,7.9,52.0,79.0,64.0,54,56,69.99,Average Performer
S0275,99.0,4.3,47.0,46.0,69.0,44,41,59.06,Average Performer
S0276,72.0,2.3,96.0,95.0,69.0,95,51,75.32,High Performer
S0277,80.0,4.4,62.0,82.0,83.0,85,96,78.73,High Performer
S0278,79.0,4.6,82.0,67.0,73.0,89,81,72.52,Average Performer
S0279,91.0,6.2,40.0,79.0,61.0,87,57,72.23,Average Performer
S0280,84.0,5.9,84.0,60.0,60.0,45,93,65.34,Average Performer
S0281,56.0,3.8,90.0,73.0,48.0,64,98,66.88,Average Performer
S0282,65.0,2.5,63.0,62.0,51.0,95,50,60.58,Average Performer
S0283,75.0,5.5,74.0,92.0,52.0,85,55,71.38,Average Performer
S0284,97.0,4.0,63.0,39.0,79.0,95,88,70.74,Average Performer
S0285,98.0,1.9,56.0,42.0,86.0,79,90,64.04,Average Performer
S0286,51.0,7.3,44.0,59.0,63.0,68,57,58.47,Average Performer
S0287,50.0,5.8,59.0,61.0,54.0,46,74,55.52,Average Performer
S0288,97.0,5.8,60.0,80.0,87.0,79,92,76.32,High Performer
S0289,61.0,6.8,79.0,57.0,61.0,52,98,62.54,Average Performer
S0290,54.0,4.7,97.0,64.0,52.0,77,65,63.81,Average Performer
S0291,86.0,6.7,70.0,79.0,38.0,57,55,64.43,Average Performer
S0292,81.0,4.5,85.0,81.0,35.0,41,45,55.76,Average Performer
S0293,58.0,1.5,75.0,57.0,84.0,47,96,65.28,Average Performer
S0294,90.0,3.8,50.0,83.0,35.0,50,83,61.62,Average Performer
S0295,84.0,4.5,91.0,81.0,92.0,72,82,74.03,Average Performer
S0296,68.0,6.0,54.0,54.0,60.0,93,86,70.5,Average Performer
S0297,97.0,1.7,58.0,52.0,79.0,77,86,71.72,Average Performer
S0298,65.0,2.0,46.0,52.0,54.0,87,87,55.1,Average Performer
S0299,52.0,2.8,90.0,36.0,86.0,66,81,59.22,Average Performer
S0300,69.0,2.9,67.0,38.0,57.0,59,51,55.41,Average Performer
S0301,73.0,6.1,90.0,64.0,44.0,51,99,66.46,Average Performer
S0302,82.0,2.8,82.0,67.0,93.0,82,52,75.93,High Performer
S0303,73.0,5.4,97.0,70.0,45.0,70,43,64.18,Average Performer
S0304,60.0,4.5,44.0,52.0,75.0,66,78,62.29,Average Performer
S0305,98.0,5.0,44.0,71.0,75.0,71,93,70.73,Average Performer
S0306,57.0,6.9,69.0,53.0,39.0,49,41,56.04,Average Performer
S0307,85.0,3.8,93.0,81.0,92.0,42,65,74.41,Average Performer
S0308,87.0,6.4,71.0,62.0,35.0,84,98,75.09,High Performer
S0309,89.0,4.0,47.0,74.0,51.0,66,66,65.84,Average Performer
S0310,69.0,3.5,49.0,54.0,56.0,74,66,66.0,Average Performer
S0311,84.0,7.7,77.0,83.0,68.0,70,54,78.43,High Performer
S0312,97.0,2.3,86.0,67.0,90.0,54,47,72.07,Average Performer
S0313,74.0,1.6,71.0,46.0,79.0,55,46,62.34,Average Performer
S0314,84.0,6.4,87.0,92.0,75.0,52,86,81.85,High Performer
S0315,74.0,1.5,67.0,85.0,63.0,88,94,70.57,Average Performer
S0316,78.0,6.9,56.0,49.0,38.0,74,85,61.84,Average Performer
S0317,67.0,4.1,70.0,75.0,39.0,91,79,66.14,Average Performer
S0318,95.0,7.4,47.0,73.0,45.0,50,99,64.02,Average Performer
S0319,67.0,6.1,79.0,36.0,90.0,60,51,61.91,Average Performer
S0320,51.0,5.3,64.0,63.0,85.0,90,52,63.92,Average Performer
S0321,84.0,7.6,48.0,75.0,55.0,93,82,71.38,Average Performer
S0322,65.0,3.8,41.0,44.0,69.0,50,56,52.68,Average Performer
S0323,90.0,7.7,54.0,36.0,46.0,69,100,59.17,Average Performer
S0324,85.0,1.9,89.0,85.0,60.0,87,56,75.08,High Performer
S0325,82.0,4.4,42.0,45.0,85.0,92,95,67.9,Average Performer
S0326,53.0,2.9,88.0,47.0,53.0,74,75,58.36,Average Performer
S0327,82.0,4.8,75.0,44.0,79.0,61,60,65.38,Average Performer
S0328,63.0,2.1,43.0,48.0,94.0,77,47,58.47,Average Performer
S0329,70.0,6.9,53.0,52.0,41.0,70,44,54.13,Average Performer
S0330,97.0,6.9,80.0,85.0,81.0,53,65,82.85,High Performer
S0331,69.0,7.7,80.0,88.0,89.0,63,55,75.84,High Performer
S0332,57.0,2.1,64.0,43.0,41.0,89,75,53.18,Average Performer
S0333,56.0,5.4,97.0,91.0,60.0,88,67,78.49,High Performer
S0334,52.0,4.3,94.0,73.0,74.0,71,93,68.95,Average Performer
S0335,66.0,3.4,89.0,62.0,39.0,75,68,63.93,Average Performer
S0336,82.0,3.5,49.0,37.0,55.0,71,86,58.76,Average Performer
S0337,97.0,3.9,60.0,54.0,48.0,94,51,65.58,Average Performer
S0338,61.0,5.9,75.0,40.0,38.0,54,76,55.44,Average Performer
S0339,100.0,5.2,51.0,61.0,57.0,82,69,67.82,Average Performer
S0340,71.0,4.2,66.0,87.0,76.0,74,62,71.5,Average Performer
S0341,71.0,1.5,79.0,36.0,54.0,42,55,50.86,Average Performer
S0342,95.0,1.5,41.0,63.0,49.0,55,53,57.32,Average Performer
S0343,79.0,1.0,93.0,72.0,84.0,44,49,67.04,Average Performer
S0344,87.0,7.8,52.0,37.0,86.0,60,46,68.92,Average Performer
S0345,87.0,1.0,92.0,50.0,79.0,49,84,62.0,Average Performer
S0346,94.0,1.7,71.0,64.0,63.0,58,91,68.34,Average Performer
S0347,100.0,3.2,70.0,74.0,42.0,64,99,69.26,Average Performer
S0348,57.0,6.7,55.0,36.0,75.0,43,100,58.59,Average Performer
S0349,76.0,7.7,71.0,51.0,82.0,68,76,73.82,Average Performer
S0350,76.0,6.5,71.0,75.0,53.0,58,68,66.29,Average Performer
S0351,83.0,5.8,99.0,46.0,82.0,82,42,73.92,Average Performer
S0352,70.0,4.6,73.0,69.0,73.0,41,54,59.6,Average Performer
S0353,79.0,1.6,50.0,77.0,80.0,49,75,63.7,Average Performer
S0354,82.0,7.7,49.0,35.0,62.0,82,86,65.92,Average Performer
S0355,77.0,6.3,54.0,89.0,80.0,64,85,70.23,Average Performer
S0356,96.0,5.5,56.0,79.0,91.0,59,91,78.03,High Performer
S0357,82.0,6.3,79.0,49.0,61.0,87,58,66.12,Average Performer
S0358,54.0,6.1,57.0,60.0,38.0,58,52,53.12,Average Performer
S0359,97.0,5.5,94.0,71.0,92.0,62,81,80.0,High Performer
S0360,68.0,7.9,48.0,55.0,49.0,63,60,55.06,Average Performer
S0361,53.0,7.3,64.0,83.0,69.0,50,76,67.86,Average Performer
S0362,84.0,5.5,79.0,65.0,71.0,85,66,73.0,Average Performer
S0363,98.0,5.9,98.0,59.0,35.0,73,94,72.84,Average Performer
S0364,66.0,1.4,53.0,57.0,37.0,94,91,57.68,Average Performer
S0365,93.0,5.7,99.0,58.0,81.0,67,68,80.73,High Performer
S0366,77.0,1.3,97.0,91.0,58.0,44,59,68.8,Average Performer
S0367,79.0,5.1,64.0,72.0,61.0,44,64,68.51,Average Performer
S0368,78.0,8.0,89.0,62.0,74.0,90,45,72.47,Average Performer
S0369,95.0,4.9,61.0,55.0,95.0,60,75,75.53,High Performer
S0370,55.0,4.3,91.0,88.0,70.0,51,41,69.08,Average Performer
S0371,84.0,3.2,69.0,77.0,68.0,89,61,72.0,Average Performer
S0372,90.0,1.8,59.0,52.0,63.0,43,71,60.83,Average Performer
S0373,86.0,6.1,60.0,70.0,58.0,93,55,67.07,Average Performer
S0374,73.0,2.3,83.0,69.0,58.0,88,57,62.81,Average Performer
S0375,78.0,1.8,71.0,79.0,76.0,81,44,74.48,Average Performer
S0376,98.0,4.0,90.0,89.0,38.0,59,93,72.54,Average Performer
S0377,95.0,6.6,85.0,43.0,37.0,77,75,65.25,Average Performer
S0378,80.0,6.2,88.0,87.0,68.0,64,69,72.94,Average Performer
S0379,84.0,1.4,95.0,72.0,91.0,53,84,70.1,Average Performer
S0380,82.0,4.2,60.0,92.0,83.0,50,58,72.24,Average Performer
S0381,70.0,4.7,74.0,64.0,57.0,71,62,63.18,Average Performer
S0382,81.0,5.5,97.0,94.0,87.0,50,73,81.11,High Performer
S0383,72.0,5.6,71.0,78.0,90.0,57,52,72.81,Average Performer
S0384,82.0,3.6,69.0,68.0,86.0,66,82,79.32,High Performer
S0385,52.0,4.9,94.0,66.0,57.0,94,93,67.03,Average Performer
S0386,67.0,4.4,78.0,37.0,79.0,93,68,70.14,Average Performer
S0387,74.0,7.2,88.0,37.0,39.0,57,75,64.78,Average Performer
S0388,91.0,4.7,51.0,62.0,65.0,95,61,70.76,Average Performer
S0389,80.0,4.1,80.0,78.0,87.0,62,91,75.14,High Performer
S0390,52.0,3.8,86.0,49.0,75.0,50,91,57.37,Average Performer
S0391,89.0,5.0,57.0,75.0,91.0,60,86,76.28,High Performer
S0392,95.0,6.6,60.0,57.0,95.0,83,75,80.11,High Performer
S0393,73.0,4.8,52.0,74.0,91.0,44,48,72.24,Average Performer
S0394,99.0,5.6,60.0,45.0,94.0,62,78,69.45,Average Performer
S0395,81.0,6.2,47.0,82.0,88.0,80,90,75.22,High Performer
S0396,96.0,4.6,85.0,66.0,40.0,64,58,64.22,Average Performer
S0397,71.0,4.0,79.0,92.0,71.0,80,77,72.6,Average Performer
S0398,72.0,7.1,85.0,93.0,91.0,93,45,84.59,High Performer
S0399,51.0,3.9,46.0,91.0,44.0,49,91,55.41,Average Performer
S0400,76.0,4.2,62.0,88.0,74.0,61,86,69.03,Average Performer
S0401,91.0,7.9,83.0,70.0,41.0,58,54,71.64,Average Performer
S0402,51.0,1.0,71.0,94.0,73.0,40,96,65.4,Average Performer
S0403,75.0,2.3,50.0,67.0,72.0,46,59,61.2,Average Performer
S0404,66.0,3.7,61.0,58.0,55.0,43,48,53.39,Average Performer
S0405,89.0,7.5,61.0,73.0,95.0,40,71,79.48,High Performer
S0406,82.0,1.5,82.0,68.0,54.0,54,43,62.19,Average Performer
S0407,58.0,1.1,64.0,90.0,37.0,79,89,67.19,Average Performer
S0408,92.0,1.4,61.0,62.0,85.0,51,57,66.78,Average Performer
S0409,97.0,1.6,67.0,71.0,56.0,61,44,57.75,Average Performer
S0410,88.0,1.3,68.0,41.0,81.0,61,59,55.42,Average Performer
S0411,78.0,4.4,52.0,38.0,38.0,89,62,56.87,Average Performer
S0412,91.0,5.1,57.0,71.0,62.0,86,50,73.45,Average Performer
S0413,75.0,2.9,41.0,90.0,46.0,56,76,58.3,Average Performer
S0414,84.0,3.8,68.0,35.0,72.0,68,61,68.35,Average Performer
S0415,99.0,1.6,60.0,35.0,85.0,85,97,72.74,Average Performer
S0416,74.0,3.4,54.0,81.0,70.0,53,43,64.58,Average Performer
S0417,73.0,4.7,91.0,54.0,81.0,89,68,73.87,Average Performer
S0418,62.0,6.1,66.0,53.0,75.0,59,83,66.73,Average Performer
S0419,56.0,1.0,89.0,63.0,39.0,89,73,64.17,Average Performer
S0420,85.0,4.3,70.0,44.0,47.0,87,52,63.35,Average Performer
S0421,94.0,3.1,54.0,94.0,57.0,72,81,72.01,Average Performer
S0422,69.0,7.0,90.0,52.0,92.0,94,48,76.92,High Performer
S0423,50.0,6.0,62.0,62.0,84.0,82,81,68.36,Average Performer
S0424,57.0,5.1,63.0,69.0,64.0,54,70,64.22,Average Performer
S0425,95.0,2.9,83.0,77.0,71.0,51,46,66.64,Average Performer
S0426,65.0,7.4,52.0,81.0,59.0,79,43,67.2,Average Performer
S0427,63.0,1.3,61.0,65.0,82.0,93,58,66.03,Average Performer
S0428,61.0,1.8,82.0,61.0,61.0,59,81,60.43,Average Performer
S0429,100.0,3.7,76.0,45.0,85.0,69,69,73.8,Average Performer
S0430,72.0,1.9,100.0,83.0,48.0,77,70,74.46,Average Performer
S0431,64.0,7.7,72.0,83.0,91.0,42,74,74.41,Average Performer
S0432,77.0,6.6,95.0,72.0,82.0,67,96,80.63,High Performer
S0433,83.0,2.8,42.0,39.0,93.0,95,60,69.42,Average Performer
S0434,51.0,5.1,93.0,42.0,81.0,65,100,65.83,Average Performer
S0435,81.0,7.9,58.0,68.0,88.0,69,70,71.73,Average Performer
S0436,72.0,7.2,62.0,82.0,70.0,52,58,71.25,Average Performer
S0437,71.0,5.2,68.0,86.0,73.0,52,70,63.5,Average Performer
S0438,100.0,7.3,69.0,90.0,50.0,41,92,67.45,Average Performer
S0439,74.0,7.9,78.0,46.0,90.0,76,71,73.75,Average Performer
S0440,71.0,6.2,83.0,72.0,56.0,88,41,62.27,Average Performer
S0441,71.0,1.5,86.0,35.0,55.0,77,98,55.25,Average Performer
S0442,98.0,3.8,64.0,65.0,88.0,41,91,71.11,Average Performer
S0443,91.0,6.9,76.0,38.0,55.0,75,49,62.89,Average Performer
S0444,55.0,2.6,86.0,83.0,42.0,93,41,62.41,Average Performer
S0445,64.0,6.8,47.0,79.0,83.0,65,41,70.94,Average Performer
S0446,92.0,1.8,81.0,84.0,50.0,50,99,69.82,Average Performer
S0447,86.0,1.3,97.0,39.0,93.0,47,63,64.78,Average Performer
S0448,82.0,3.7,55.0,64.0,89.0,83,56,74.11,Average Performer
S0449,57.0,1.3,47.0,90.0,65.0,79,71,57.91,Average Performer
S0450,93.0,7.7,40.0,58.0,76.0,82,55,70.72,Average Performer
S0451,93.0,6.8,83.0,93.0,44.0,61,55,69.48,Average Performer
S0452,54.0,6.6,44.0,37.0,66.0,59,85,55.51,Average Performer
S0453,88.0,5.4,42.0,45.0,93.0,47,78,64.54,Average Performer
S0454,53.0,2.5,40.0,79.0,68.0,68,92,63.15,Average Performer
S0455,55.0,4.6,43.0,38.0,43.0,79,70,51.81,Average Performer
S0456,94.0,5.2,79.0,60.0,51.0,65,82,66.89,Average Performer
S0457,81.0,4.7,74.0,61.0,45.0,69,63,60.91,Average Performer
S0458,79.0,2.8,71.0,80.0,66.0,56,40,65.1,Average Performer
S0459,96.0,4.6,81.0,88.0,44.0,59,50,76.38,High Performer
S0460,84.0,4.4,73.0,77.0,56.0,91,94,77.41,High Performer
S0461,89.0,8.0,82.0,61.0,91.0,94,60,78.0,High Performer
S0462,65.0,7.3,64.0,76.0,51.0,55,43,65.35,Average Performer
S0463,62.0,4.2,49.0,85.0,38.0,85,46,54.16,Average Performer
S0464,99.0,5.4,60.0,84.0,82.0,82,65,77.51,High Performer
S0465,91.0,6.2,85.0,40.0,86.0,46,86,68.47,Average Performer
S0466,79.0,1.2,78.0,93.0,81.0,55,89,76.66,High Performer
S0467,68.0,7.3,66.0,95.0,59.0,84,51,68.68,Average Performer
S0468,66.0,7.0,66.0,49.0,93.0,86,70,71.89,Average Performer
S0469,68.0,4.2,41.0,87.0,55.0,95,56,64.65,Average Performer
S0470,77.0,3.7,80.0,64.0,71.0,87,72,69.87,Average Performer
S0471,75.0,2.9,87.0,76.0,72.0,66,50,74.66,Average Performer
S0472,86.0,4.3,52.0,71.0,83.0,92,67,77.93,High Performer
S0473,75.0,1.3,48.0,92.0,35.0,62,71,58.22,Average Performer
S0474,72.0,7.0,91.0,95.0,59.0,63,40,73.11,Average Performer
S0475,58.0,1.2,75.0,71.0,85.0,48,86,59.83,Average Performer
S0476,61.0,3.3,61.0,76.0,70.0,74,67,64.59,Average Performer
S0477,50.0,7.5,81.0,94.0,51.0,90,92,78.11,High Performer
S0478,50.0,6.1,65.0,71.0,75.0,59,81,64.61,Average Performer
S0479,96.0,3.0,97.0,69.0,58.0,76,46,74.24,Average Performer
S0480,83.0,2.8,93.0,57.0,36.0,81,41,57.91,Average Performer
S0481,81.0,1.0,51.0,40.0,74.0,56,81,56.0,Average Performer
S0482,97.0,5.9,56.0,38.0,49.0,86,63,64.24,Average Performer
S0483,74.0,1.3,53.0,52.0,66.0,70,43,57.12,Average Performer
S0484,89.0,4.7,53.0,94.0,73.0,94,83,79.87,High Performer
S0485,94.0,7.7,96.0,43.0,93.0,47,58,73.89,Average Performer
S0486,50.0,1.8,73.0,83.0,40.0,54,65,50.75,Average Performer
S0487,65.0,7.3,92.0,63.0,35.0,70,50,66.57,Average Performer
S0488,88.0,7.9,96.0,47.0,81.0,92,79,75.84,High Performer
S0489,54.0,1.4,59.0,93.0,57.0,69,89,63.92,Average Performer
S0490,71.0,7.2,50.0,81.0,92.0,85,82,77.45,High Performer
S0491,78.0,4.6,55.0,86.0,73.0,59,50,63.66,Average Performer
S0492,52.0,7.3,90.0,51.0,95.0,78,84,75.55,High Performer
S0493,61.0,5.0,70.0,79.0,91.0,92,42,71.3,Average Performer
S0494,75.0,5.6,94.0,66.0,51.0,94,51,70.22,Average Performer
S0495,65.0,4.8,45.0,82.0,68.0,51,42,60.68,Average Performer
S0496,100.0,7.1,95.0,56.0,93.0,88,81,88.87,High Performer
S0497,86.0,6.1,58.0,38.0,75.0,56,66,67.53,Average Performer
S0498,71.0,4.6,76.0,39.0,63.0,81,88,57.66,Average Performer
S0499,78.0,7.1,97.0,71.0,43.0,69,93,78.38,High Performer
S0500,63.0,2.7,43.0,75.0,47.0,68,41,52.97,Average Performer
S0501,77.0,2.1,86.0,83.0,40.0,58,88,71.51,Average Performer
S0502,54.0,2.1,100.0,47.0,40.0,85,55,55.78,Average Performer
S0503,96.0,3.3,43.0,68.0,54.0,50,41,59.38,Average Performer
S0504,98.0,2.7,59.0,79.0,86.0,73,99,75.66,High Performer
S0505,79.0,7.5,49.0,56.0,87.0,89,93,71.6,Average Performer
S0506,95.0,1.7,63.0,87.0,37.0,46,69,70.57,Average Performer
S0507,54.0,5.9,93.0,93.0,51.0,83,59,70.47,Average Performer
S0508,61.0,2.3,74.0,57.0,83.0,73,77,63.84,Average Performer
S0509,65.0,7.2,65.0,85.0,46.0,59,67,65.63,Average Performer
S0510,75.0,7.7,76.0,37.0,82.0,89,64,67.1,Average Performer
S0511,75.0,4.3,77.0,76.0,81.0,77,71,78.29,High Performer
S0512,97.0,7.2,60.0,68.0,79.0,63,100,71.89,Average Performer
S0513,70.0,1.0,93.0,66.0,89.0,49,49,65.46,Average Performer
S0514,88.0,6.7,79.0,79.0,35.0,71,99,73.81,Average Performer
S0515,85.0,2.6,78.0,85.0,51.0,91,81,71.78,Average Performer
S0516,82.0,7.4,60.0,92.0,37.0,54,79,69.6,Average Performer
S0517,79.0,1.0,49.0,83.0,60.0,76,72,68.55,Average Performer
S0518,86.0,4.9,77.0,55.0,49.0,59,52,65.96,Average Performer
S0519,72.0,6.3,85.0,80.0,70.0,42,95,72.81,Average Performer
S0520,59.0,2.8,43.0,78.0,66.0,76,80,67.72,Average Performer
S0521,54.0,2.4,99.0,55.0,66.0,79,93,62.91,Average Performer
S0522,85.0,1.6,96.0,78.0,38.0,47,81,64.65,Average Performer
S0523,83.0,3.3,84.0,45.0,52.0,79,86,64.01,Average Performer
S0524,80.0,4.9,59.0,73.0,83.0,83,76,72.74,Average Performer
S0525,59.0,1.8,56.0,38.0,53.0,95,93,51.14,Average Performer
S0526,68.0,3.6,94.0,85.0,77.0,62,55,67.9,Average Performer
S0527,81.0,1.1,46.0,35.0,86.0,79,84,61.75,Average Performer
S0528,50.0,6.7,43.0,62.0,69.0,50,61,55.5,Average Performer
S0529,54.0,1.9,68.0,58.0,74.0,85,96,68.32,Average Performer
S0530,94.0,3.0,53.0,95.0,48.0,47,59,65.78,Average Performer
S0531,53.0,1.1,42.0,69.0,92.0,68,89,60.7,Average Performer
S0532,65.0,4.0,63.0,47.0,67.0,69,82,63.53,Average Performer
S0533,73.0,6.9,76.0,81.0,48.0,95,66,72.71,Average Performer
S0534,65.0,3.7,55.0,68.0,68.0,49,80,60.52,Average Performer
S0535,51.0,2.3,97.0,45.0,95.0,78,55,63.68,Average Performer
S0536,98.0,6.3,94.0,70.0,89.0,67,73,93.12,High Performer
S0537,77.0,6.5,91.0,85.0,38.0,88,71,73.59,Average Performer
S0538,81.0,2.2,43.0,95.0,58.0,75,65,69.45,Average Performer
S0539,76.0,6.4,95.0,51.0,93.0,52,64,69.98,Average Performer
S0540,69.0,7.6,63.0,69.0,63.0,71,41,64.67,Average Performer
S0541,73.0,2.2,73.0,94.0,53.0,75,51,73.54,Average Performer
S0542,61.0,6.4,69.0,52.0,40.0,76,79,63.09,Average Performer
S0543,99.0,6.0,57.0,74.0,91.0,65,48,77.62,High Performer
S0544,84.0,4.3,58.0,56.0,67.0,61,51,61.91,Average Performer
S0545,82.0,1.4,70.0,91.0,83.0,43,65,69.95,Average Performer
S0546,82.0,1.5,99.0,58.0,74.0,70,48,66.52,Average Performer
S0547,100.0,7.0,99.0,92.0,53.0,57,49,75.53,High Performer
S0548,92.0,7.9,58.0,53.0,87.0,77,71,77.02,High Performer
S0549,86.0,5.7,88.0,71.0,35.0,63,96,70.02,Average Performer
S0550,61.0,4.1,85.0,73.0,39.0,95,73,66.81,Average Performer
S0551,52.0,5.5,58.0,55.0,61.0,62,87,57.34,Average Performer
S0552,50.0,5.2,61.0,42.0,50.0,61,59,52.57,Average Performer
S0553,82.0,3.7,63.0,62.0,40.0,41,78,56.65,Average Performer
S0554,89.0,1.5,84.0,39.0,74.0,70,99,64.27,Average Performer
S0555,59.0,6.8,51.0,51.0,47.0,94,41,62.3,Average Performer
S0556,92.0,3.6,69.0,71.0,82.0,50,40,70.31,Average Performer
S0557,93.0,6.7,97.0,70.0,69.0,67,90,80.37,High Performer
S0558,78.0,2.8,77.0,88.0,53.0,85,99,74.11,Average Performer
S0559,62.0,1.0,92.0,53.0,46.0,71,75,58.25,Average Performer
S0560,61.0,2.1,70.0,61.0,50.0,44,63,55.27,Average Performer
S0561,80.0,4.3,75.0,87.0,93.0,77,93,76.64,High Performer
S0562,95.0,7.6,58.0,68.0,77.0,49,66,69.81,Average Performer
S0563,51.0,1.7,87.0,45.0,44.0,79,41,49.86,Needs Attention
S0564,100.0,7.0,84.0,88.0,59.0,85,70,82.82,High Performer
S0565,99.0,4.7,75.0,79.0,54.0,63,96,73.66,Average Performer
S0566,84.0,6.8,69.0,81.0,65.0,74,53,70.51,Average Performer
S0567,72.0,3.1,94.0,46.0,38.0,83,41,60.49,Average Performer
S0568,66.0,6.9,88.0,88.0,78.0,87,68,80.23,High Performer
S0569,75.0,6.4,94.0,55.0,57.0,62,54,64.72,Average Performer
S0570,57.0,2.6,72.0,88.0,36.0,56,51,57.67,Average Performer
S0571,78.0,1.9,57.0,45.0,90.0,40,76,62.49,Average Performer
S0572,75.0,7.1,91.0,73.0,56.0,94,67,71.72,Average Performer
S0573,59.0,7.7,88.0,62.0,85.0,70,59,73.75,Average Performer
S0574,75.0,1.2,98.0,39.0,91.0,70,100,69.8,Average Performer
S0575,83.0,6.1,67.0,51.0,71.0,81,78,66.15,Average Performer
S0576,100.0,7.4,98.0,90.0,42.0,94,63,81.71,High Performer
S0577,90.0,7.0,86.0,54.0,41.0,81,60,69.1,Average Performer
S0578,56.0,7.8,50.0,75.0,48.0,92,49,60.87,Average Performer
S0579,53.0,6.3,96.0,80.0,90.0,95,85,77.41,High Performer
S0580,99.0,4.1,99.0,92.0,89.0,73,53,81.87,High Performer
S0581,94.0,3.2,93.0,46.0,37.0,48,76,59.8,Average Performer
S0582,60.0,3.2,84.0,40.0,84.0,61,57,61.51,Average Performer
S0583,78.0,6.1,72.0,51.0,50.0,52,63,59.42,Average Performer
S0584,85.0,6.2,56.0,85.0,89.0,64,53,71.0,Average Performer
S0585,74.0,2.4,45.0,53.0,53.0,87,73,55.43,Average Performer
S0586,70.0,7.1,43.0,60.0,85.0,57,97,65.85,Average Performer
S0587,85.0,6.0,59.0,82.0,52.0,90,51,72.65,Average Performer
S0588,59.0,4.9,87.0,78.0,86.0,51,61,72.48,Average Performer
S0589,86.0,4.3,86.0,78.0,50.0,79,95,75.16,High Performer
S0590,58.0,4.8,66.0,86.0,42.0,56,45,57.53,Average Performer
S0591,73.0,2.1,54.0,66.0,94.0,54,75,66.37,Average Performer
S0592,84.0,2.4,45.0,40.0,67.0,81,84,52.38,Average Performer
S0593,98.0,1.6,86.0,89.0,83.0,54,75,78.94,High Performer
S0594,84.0,2.1,53.0,92.0,46.0,54,61,64.73,Average Performer
S0595,97.0,4.2,99.0,70.0,87.0,94,53,80.85,High Performer
S0596,85.0,4.7,50.0,72.0,45.0,78,55,64.04,Average Performer
S0597,67.0,1.1,78.0,45.0,39.0,52,100,48.66,Needs Attention
S0598,98.0,6.6,48.0,67.0,61.0,56,75,65.95,Average Performer
S0599,88.0,3.1,65.0,58.0,46.0,71,95,65.4,Average Performer
S0600,81.0,7.4,55.0,57.0,51.0,48,64,62.98,Average Performer
S0601,73.0,7.8,44.0,49.0,40.0,79,71,57.01,Average Performer
S0602,72.0,2.3,96.0,61.0,67.0,59,72,68.63,Average Performer
S0603,81.0,4.2,91.0,45.0,39.0,65,84,61.96,Average Performer
S0604,86.0,1.0,100.0,91.0,91.0,66,75,78.44,High Performer
S0605,61.0,5.2,49.0,85.0,62.0,60,59,62.55,Average Performer
S0606,98.0,5.3,89.0,84.0,48.0,57,57,71.83,Average Performer
S0607,62.0,2.7,42.0,51.0,39.0,52,77,44.9,Needs Attention
S0608,72.0,4.9,52.0,85.0,88.0,55,42,73.07,Average Performer
S0609,74.0,2.6,82.0,87.0,90.0,48,62,71.3,Average Performer
S0610,84.0,2.1,88.0,48.0,93.0,51,71,66.45,Average Performer
S0611,90.0,5.6,69.0,61.0,67.0,83,84,67.46,Average Performer
S0612,79.0,3.3,93.0,52.0,84.0,77,98,64.94,Average Performer
S0613,66.0,5.1,84.0,62.0,82.0,58,55,70.35,Average Performer
S0614,98.0,4.0,45.0,85.0,75.0,46,98,74.23,Average Performer
S0615,69.0,7.9,56.0,81.0,53.0,74,44,70.08,Average Performer
S0616,97.0,2.0,98.0,81.0,56.0,87,43,73.9,Average Performer
S0617,74.0,4.3,84.0,38.0,39.0,57,60,54.83,Average Performer
S0618,71.0,5.8,90.0,41.0,93.0,55,79,68.23,Average Performer
S0619,62.0,3.8,92.0,79.0,36.0,94,90,65.65,Average Performer
S0620,68.0,7.8,58.0,69.0,64.0,78,53,70.51,Average Performer
S0621,98.0,6.1,81.0,82.0,81.0,43,78,78.57,High Performer
S0622,85.0,5.6,74.0,43.0,73.0,64,70,67.93,Average Performer
S0623,61.0,6.3,85.0,42.0,38.0,71,53,55.67,Average Performer
S0624,90.0,7.7,65.0,86.0,67.0,79,45,80.16,High Performer
S0625,68.0,7.4,90.0,79.0,47.0,52,51,61.74,Average Performer
S0626,61.0,6.1,44.0,51.0,54.0,84,55,53.39,Average Performer
S0627,58.0,6.2,68.0,51.0,88.0,56,56,65.34,Average Performer
S0628,56.0,2.0,76.0,83.0,41.0,88,84,67.65,Average Performer
S0629,77.0,1.7,59.0,67.0,49.0,76,62,59.17,Average Performer
S0630,63.0,5.0,88.0,66.0,57.0,45,53,60.02,Average Performer
S0631,80.0,1.1,60.0,42.0,48.0,58,100,57.9,Average Performer
S0632,68.0,4.4,49.0,53.0,57.0,52,46,55.82,Average Performer
S0633,96.0,2.5,44.0,72.0,53.0,65,85,67.92,Average Performer
S0634,65.0,3.4,75.0,37.0,88.0,53,71,57.63,Average Performer
S0635,54.0,6.4,45.0,93.0,63.0,70,54,68.49,Average Performer
S0636,84.0,7.6,65.0,39.0,90.0,93,83,68.75,Average Performer
S0637,61.0,1.5,43.0,47.0,54.0,43,56,46.59,Needs Attention
S0638,74.0,4.7,78.0,81.0,63.0,78,80,73.04,Average Performer
S0639,70.0,7.2,78.0,80.0,58.0,47,93,70.41,Average Performer
S0640,85.0,1.6,89.0,95.0,52.0,64,86,75.23,High Performer
S0641,72.0,6.8,74.0,65.0,44.0,52,83,57.97,Average Performer
S0642,65.0,3.5,40.0,89.0,75.0,71,73,66.47,Average Performer
S0643,88.0,3.3,63.0,50.0,91.0,77,44,72.05,Average Performer
S0644,94.0,7.8,96.0,84.0,42.0,77,84,78.28,High Performer
S0645,91.0,2.4,75.0,66.0,60.0,95,66,66.42,Average Performer
S0646,88.0,5.9,45.0,56.0,63.0,67,91,68.32,Average Performer
S0647,63.0,6.8,80.0,63.0,44.0,92,62,63.16,Average Performer
S0648,80.0,1.3,93.0,56.0,51.0,69,79,61.03,Average Performer
S0649,54.0,5.7,85.0,77.0,36.0,42,98,58.1,Average Performer
S0650,84.0,7.7,99.0,37.0,40.0,67,53,63.5,Average Performer
S0651,72.0,1.9,83.0,88.0,92.0,42,54,72.2,Average Performer
S0652,78.0,7.3,99.0,44.0,39.0,84,82,63.04,Average Performer
S0653,92.0,5.2,96.0,76.0,62.0,93,72,75.31,High Performer
S0654,60.0,5.3,70.0,55.0,75.0,73,92,63.62,Average Performer
S0655,67.0,5.3,59.0,50.0,39.0,55,70,51.49,Average Performer
S0656,96.0,3.1,63.0,46.0,52.0,61,74,61.26,Average Performer
S0657,61.0,7.5,64.0,36.0,60.0,71,56,59.48,Average Performer
S0658,58.0,7.6,75.0,75.0,54.0,77,67,67.97,Average Performer
S0659,59.0,5.4,60.0,58.0,75.0,47,58,61.08,Average Performer
S0660,93.0,6.5,69.0,69.0,83.0,94,85,84.51,High Performer
S0661,66.0,5.3,63.0,90.0,61.0,47,93,68.77,Average Performer
S0662,87.0,4.4,83.0,64.0,83.0,45,62,73.6,Average Performer
S0663,56.0,5.6,81.0,91.0,46.0,53,71,63.96,Average Performer
S0664,95.0,4.9,69.0,64.0,41.0,71,79,69.13,Average Performer
S0665,62.0,5.2,61.0,81.0,93.0,74,52,70.16,Average Performer
S0666,89.0,6.5,67.0,69.0,37.0,49,98,66.58,Average Performer
S0667,91.0,4.4,46.0,53.0,44.0,42,59,51.94,Average Performer
S0668,58.0,1.3,74.0,84.0,68.0,51,74,63.7,Average Performer
S0669,99.0,2.1,94.0,42.0,59.0,88,44,64.27,Average Performer
S0670,76.0,4.1,67.0,60.0,69.0,70,48,67.36,Average Performer
S0671,51.0,6.1,53.0,83.0,50.0,68,68,63.68,Average Performer
S0672,54.0,5.2,95.0,74.0,36.0,44,45,57.5,Average Performer
S0673,78.0,5.6,49.0,41.0,94.0,91,64,74.0,Average Performer
S0674,86.0,4.4,55.0,64.0,58.0,64,70,63.29,Average Performer
S0675,87.0,5.3,55.0,41.0,44.0,80,61,54.16,Average Performer
S0676,68.0,3.3,93.0,37.0,72.0,70,41,59.36,Average Performer
S0677,57.0,4.3,70.0,35.0,56.0,60,84,51.47,Average Performer
S0678,97.0,6.2,81.0,70.0,60.0,59,44,72.99,Average Performer
S0679,94.0,7.1,64.0,59.0,77.0,78,99,71.74,Average Performer
S0680,50.0,4.0,52.0,71.0,89.0,61,66,61.58,Average Performer
S0681,71.0,1.3,45.0,35.0,73.0,43,64,52.29,Average Performer
S0682,66.0,2.1,83.0,49.0,61.0,52,47,57.72,Average Performer
S0683,56.0,1.1,48.0,71.0,63.0,84,94,59.36,Average Performer
S0684,74.0,5.6,84.0,47.0,81.0,81,40,69.08,Average Performer
S0685,94.0,3.3,75.0,74.0,72.0,89,59,73.29,Average Performer
S0686,53.0,4.8,95.0,42.0,54.0,88,83,56.99,Average Performer
S0687,85.0,4.5,82.0,39.0,61.0,59,62,61.61,Average Performer
S0688,55.0,1.6,59.0,94.0,75.0,91,71,69.31,Average Performer
S0689,80.0,3.8,57.0,43.0,88.0,52,50,61.84,Average Performer
S0690,68.0,2.5,97.0,35.0,54.0,56,78,59.12,Average Performer
S0691,93.0,3.9,82.0,70.0,78.0,93,86,76.24,High Performer
S0692,88.0,2.4,96.0,69.0,53.0,75,93,73.93,Average Performer
S0693,76.0,6.9,60.0,36.0,54.0,72,63,51.78,Average Performer
S0694,59.0,2.2,43.0,74.0,69.0,40,50,55.97,Average Performer
S0695,75.0,7.7,89.0,57.0,81.0,54,68,76.5,High Performer
S0696,68.0,3.9,72.0,43.0,36.0,52,93,58.44,Average Performer
S0697,88.0,6.9,66.0,68.0,64.0,56,65,68.95,Average Performer
S0698,52.0,5.4,46.0,80.0,87.0,63,55,61.17,Average Performer
S0699,94.0,6.1,45.0,48.0,68.0,47,74,67.35,Average Performer
S0700,62.0,6.4,54.0,38.0,56.0,89,59,57.39,Average Performer
S0701,99.0,4.5,57.0,64.0,37.0,66,85,63.42,Average Performer
S0702,77.0,4.8,71.0,65.0,40.0,84,42,59.67,Average Performer
S0703,69.0,4.6,95.0,72.0,49.0,62,40,61.3,Average Performer
S0704,77.0,5.1,50.0,45.0,61.0,85,97,64.24,Average Performer
S0705,57.0,1.2,59.0,69.0,44.0,47,92,55.36,Average Performer
S0706,90.0,3.8,63.0,42.0,43.0,47,86,57.85,Average Performer
S0707,88.0,5.2,54.0,37.0,67.0,65,40,57.91,Average Performer
S0708,50.0,5.2,87.0,48.0,66.0,86,56,59.26,Average Performer
S0709,52.0,6.6,46.0,94.0,82.0,52,41,62.05,Average Performer
S0710,62.0,5.6,60.0,47.0,40.0,78,68,53.92,Average Performer
S0711,77.0,7.9,81.0,79.0,75.0,76,59,73.78,Average Performer
S0712,98.0,3.0,65.0,66.0,93.0,88,45,70.07,Average Performer
S0713,74.0,3.5,83.0,68.0,70.0,67,47,69.35,Average Performer
S0714,82.0,3.7,95.0,79.0,93.0,64,68,74.59,Average Performer
S0715,87.0,4.3,53.0,95.0,94.0,55,87,80.25,High Performer
S0716,55.0,6.9,96.0,53.0,36.0,94,90,65.18,Average Performer
S0717,93.0,2.7,76.0,93.0,63.0,41,72,72.48,Average Performer
S0718,94.0,6.4,97.0,72.0,38.0,93,42,78.15,High Performer
S0719,81.0,3.8,60.0,50.0,35.0,57,99,52.79,Average Performer
S0720,94.0,5.2,57.0,36.0,53.0,56,74,62.27,Average Performer
S0721,96.0,5.4,44.0,74.0,60.0,69,44,66.21,Average Performer
S0722,70.0,3.6,42.0,51.0,59.0,78,66,64.71,Average Performer
S0723,65.0,4.6,62.0,89.0,44.0,52,83,61.71,Average Performer
S0724,70.0,3.9,65.0,68.0,87.0,71,51,66.67,Average Performer
S0725,60.0,1.5,76.0,76.0,49.0,89,59,63.03,Average Performer
S0726,86.0,4.1,63.0,94.0,93.0,68,84,78.52,High Performer
S0727,85.0,1.7,88.0,50.0,56.0,85,59,62.27,Average Performer
S0728,84.0,3.8,58.0,72.0,85.0,69,48,67.09,Average Performer
S0729,68.0,5.2,90.0,94.0,82.0,57,78,81.47,High Performer
S0730,69.0,5.1,64.0,36.0,55.0,52,43,50.56,Average Performer
S0731,67.0,5.6,60.0,36.0,93.0,82,90,67.17,Average Performer
S0732,96.0,1.7,51.0,60.0,90.0,60,93,72.37,Average Performer
S0733,90.0,5.6,96.0,47.0,56.0,69,58,71.71,Average Performer
S0734,98.0,3.2,100.0,90.0,70.0,60,77,77.85,High Performer
S0735,63.0,3.8,80.0,81.0,68.0,87,66,69.58,Average Performer
S0736,64.0,7.0,72.0,65.0,64.0,94,84,68.8,Average Performer
S0737,80.0,1.1,89.0,94.0,59.0,56,82,66.14,Average Performer
S0738,50.0,5.1,92.0,68.0,79.0,79,52,70.41,Average Performer
S0739,52.0,5.2,43.0,73.0,62.0,58,52,57.57,Average Performer
S0740,65.0,3.8,81.0,37.0,35.0,91,99,61.72,Average Performer
S0741,72.0,2.7,96.0,42.0,83.0,54,96,64.23,Average Performer
S0742,60.0,2.6,46.0,57.0,79.0,48,61,59.82,Average Performer
S0743,61.0,7.2,61.0,48.0,38.0,91,67,61.68,Average Performer
S0744,59.0,4.1,94.0,90.0,41.0,49,91,65.79,Average Performer
S0745,81.0,3.3,72.0,89.0,83.0,83,86,70.79,Average Performer
S0746,65.0,4.1,56.0,61.0,43.0,70,92,56.36,Average Performer
S0747,57.0,5.7,63.0,88.0,70.0,92,84,76.91,High Performer
S0748,87.0,2.0,100.0,63.0,53.0,62,61,67.74,Average Performer
S0749,61.0,4.1,100.0,73.0,35.0,91,82,68.18,Average Performer
S0750,73.0,5.1,73.0,87.0,44.0,69,58,66.38,Average Performer
S0751,77.0,7.6,67.0,73.0,70.0,72,47,70.53,Average Performer
S0752,57.0,2.8,97.0,35.0,43.0,91,91,52.4,Average Performer
S0753,77.0,3.5,82.0,51.0,79.0,48,47,66.73,Average Performer
S0754,85.0,3.7,80.0,75.0,80.0,93,81,80.29,High Performer
S0755,75.0,5.2,78.0,64.0,76.0,86,65,68.9,Average Performer
S0756,57.0,3.5,61.0,87.0,66.0,40,87,62.46,Average Performer
S0757,99.0,4.7,88.0,47.0,66.0,83,90,72.16,Average Performer
S0758,77.0,6.5,56.0,55.0,40.0,74,65,61.21,Average Performer
S0759,77.0,5.9,73.0,53.0,82.0,50,62,65.72,Average Performer
S0760,86.0,4.1,45.0,87.0,72.0,73,82,74.04,Average Performer
S0761,90.0,7.0,85.0,53.0,51.0,55,52,66.86,Average Performer
S0762,85.0,4.9,45.0,91.0,44.0,48,67,56.15,Average Performer
S0763,76.0,4.8,73.0,59.0,84.0,71,48,70.38,Average Performer
S0764,66.0,1.2,40.0,56.0,61.0,54,59,55.14,Average Performer
S0765,58.0,7.9,49.0,65.0,88.0,51,95,63.84,Average Performer
S0766,82.0,1.9,60.0,51.0,84.0,72,58,65.63,Average Performer
S0767,69.0,2.6,44.0,89.0,69.0,84,87,72.84,Average Performer
S0768,62.0,1.4,41.0,57.0,86.0,53,78,58.09,Average Performer
S0769,77.0,5.5,61.0,66.0,93.0,47,90,74.47,Average Performer
S0770,97.0,2.6,87.0,44.0,55.0,47,51,60.77,Average Performer
S0771,78.0,2.3,96.0,44.0,59.0,66,54,62.15,Average Performer
S0772,62.0,1.6,41.0,70.0,62.0,51,70,54.54,Average Performer
S0773,95.0,1.7,49.0,42.0,81.0,40,94,60.19,Average Performer
S0774,84.0,5.1,73.0,88.0,49.0,82,53,70.66,Average Performer
S0775,55.0,5.8,55.0,86.0,38.0,79,50,55.36,Average Performer
S0776,67.0,3.8,87.0,54.0,63.0,81,65,64.01,Average Performer
S0777,100.0,4.4,90.0,66.0,93.0,90,81,86.76,High Performer
S0778,54.0,5.8,100.0,84.0,43.0,50,66,62.41,Average Performer
S0779,96.0,1.1,78.0,48.0,61.0,78,50,60.9,Average Performer
S0780,74.0,3.3,61.0,84.0,60.0,82,77,68.28,Average Performer
S0781,51.0,7.8,51.0,62.0,53.0,70,73,59.63,Average Performer
S0782,59.0,5.1,63.0,80.0,90.0,56,82,71.18,Average Performer
S0783,79.0,2.8,86.0,86.0,62.0,72,58,70.86,Average Performer
S0784,99.0,4.7,79.0,87.0,51.0,71,45,73.52,Average Performer
S0785,94.0,3.4,77.0,58.0,77.0,68,85,70.75,Average Performer
S0786,54.0,4.7,99.0,49.0,91.0,60,91,65.07,Average Performer
S0787,82.0,1.9,98.0,56.0,75.0,60,77,68.84,Average Performer
S0788,50.0,1.9,49.0,64.0,76.0,79,88,61.72,Average Performer
S0789,67.0,2.0,74.0,38.0,84.0,62,81,62.7,Average Performer
S0790,81.0,7.6,90.0,47.0,54.0,95,67,65.12,Average Performer
S0791,96.0,6.1,88.0,93.0,79.0,45,40,80.16,High Performer
S0792,98.0,2.1,71.0,57.0,74.0,61,74,65.67,Average Performer
S0793,60.0,2.3,46.0,42.0,73.0,89,79,61.23,Average Performer
S0794,70.0,6.1,60.0,52.0,83.0,77,47,67.13,Average Performer
S0795,75.0,2.1,59.0,46.0,87.0,76,98,67.74,Average Performer
S0796,74.0,2.6,65.0,89.0,57.0,84,91,69.36,Average Performer
S0797,71.0,7.7,43.0,65.0,81.0,90,93,71.0,Average Performer
S0798,76.0,2.8,85.0,48.0,66.0,93,86,71.64,Average Performer
S0799,98.0,5.6,91.0,68.0,86.0,47,95,82.02,High Performer
S0800,62.0,7.9,61.0,52.0,81.0,80,46,66.7,Average Performer
S0801,82.0,3.6,54.0,90.0,67.0,88,50,70.2,Average Performer
S0802,83.0,1.1,95.0,68.0,91.0,74,78,69.93,Average Performer
S0803,90.0,2.7,79.0,45.0,80.0,90,100,72.52,Average Performer
S0804,84.0,6.8,60.0,75.0,39.0,50,43,62.17,Average Performer
S0805,50.0,7.1,54.0,46.0,77.0,63,64,60.96,Average Performer
S0806,70.0,6.4,61.0,83.0,82.0,88,51,76.47,High Performer
S0807,97.0,1.8,91.0,49.0,68.0,60,65,71.2,Average Performer
S0808,55.0,6.6,67.0,91.0,74.0,90,77,74.51,Average Performer
S0809,77.0,7.4,53.0,65.0,45.0,41,85,57.96,Average Performer
S0810,66.0,5.2,66.0,83.0,95.0,79,51,67.9,Average Performer
S0811,54.0,7.6,100.0,92.0,84.0,58,82,76.03,High Performer
S0812,80.0,6.8,80.0,63.0,37.0,78,90,71.1,Average Performer
S0813,54.0,5.7,79.0,60.0,92.0,67,92,75.52,High Performer
S0814,87.0,5.0,97.0,52.0,67.0,56,76,69.44,Average Performer
S0815,52.0,3.4,67.0,66.0,45.0,45,85,50.42,Average Performer
S0816,72.0,2.1,65.0,56.0,50.0,58,92,55.9,Average Performer
S0817,86.0,5.2,88.0,72.0,52.0,95,63,76.46,High Performer
S0818,86.0,3.2,41.0,51.0,64.0,77,55,58.23,Average Performer
S0819,59.0,7.1,64.0,57.0,82.0,67,96,69.57,Average Performer
S0820,59.0,8.0,95.0,58.0,89.0,41,52,70.66,Average Performer
S0821,68.0,6.3,42.0,84.0,44.0,77,64,64.83,Average Performer
S0822,66.0,1.6,47.0,42.0,52.0,94,100,60.5,Average Performer
S0823,70.0,3.0,83.0,75.0,72.0,76,93,72.87,Average Performer
S0824,63.0,1.8,72.0,40.0,53.0,90,93,57.89,Average Performer
S0825,58.0,5.6,81.0,39.0,70.0,91,96,70.84,Average Performer
S0826,95.0,6.4,91.0,78.0,93.0,43,91,83.15,High Performer
S0827,50.0,7.5,74.0,91.0,47.0,61,93,64.57,Average Performer
S0828,100.0,4.1,45.0,63.0,90.0,65,43,72.16,Average Performer
S0829,94.0,7.3,78.0,62.0,80.0,88,50,78.84,High Performer
S0830,62.0,7.1,91.0,45.0,37.0,82,71,60.38,Average Performer
S0831,53.0,3.2,62.0,91.0,44.0,75,88,60.45,Average Performer
S0832,50.0,7.1,64.0,35.0,72.0,52,46,54.71,Average Performer
S0833,98.0,3.6,98.0,77.0,35.0,91,85,72.05,Average Performer
S0834,89.0,3.1,89.0,53.0,89.0,71,97,73.8,Average Performer
S0835,81.0,5.5,82.0,43.0,90.0,56,50,66.17,Average Performer
S0836,83.0,3.3,58.0,61.0,61.0,80,67,65.51,Average Performer
S0837,77.0,5.4,44.0,68.0,80.0,75,93,70.08,Average Performer
S0838,80.0,5.3,90.0,78.0,42.0,94,80,73.24,Average Performer
S0839,57.0,4.9,50.0,38.0,85.0,85,62,59.81,Average Performer
S0840,88.0,3.7,95.0,70.0,80.0,58,84,75.02,High Performer
S0841,75.0,4.8,51.0,52.0,76.0,74,62,67.88,Average Performer
S0842,83.0,5.2,49.0,49.0,51.0,85,89,62.3,Average Performer
S0843,52.0,4.8,47.0,85.0,43.0,79,67,62.89,Average Performer
S0844,99.0,4.1,63.0,47.0,95.0,95,82,72.36,Average Performer
S0845,61.0,1.1,99.0,53.0,40.0,67,86,59.52,Average Performer
S0846,50.0,5.1,67.0,83.0,77.0,40,96,63.75,Average Performer
S0847,93.0,2.2,80.0,40.0,59.0,81,65,62.28,Average Performer
S0848,54.0,5.5,75.0,82.0,73.0,57,64,66.21,Average Performer
S0849,79.0,6.3,76.0,90.0,83.0,87,93,80.03,High Performer
S0850,79.0,4.5,60.0,46.0,94.0,79,68,67.19,Average Performer
S0851,66.0,4.8,47.0,85.0,62.0,72,58,68.2,Average Performer
S0852,97.0,7.7,94.0,71.0,67.0,51,72,77.64,High Performer
S0853,96.0,6.9,48.0,51.0,88.0,47,75,70.23,Average Performer
S0854,72.0,7.4,86.0,92.0,71.0,63,53,74.88,Average Performer
S0855,64.0,6.7,54.0,57.0,43.0,55,53,58.32,Average Performer
S0856,86.0,1.8,87.0,60.0,52.0,89,74,68.12,Average Performer
S0857,70.0,2.0,85.0,63.0,90.0,43,69,66.17,Average Performer
S0858,63.0,4.7,79.0,67.0,93.0,77,67,67.45,Average Performer
S0859,51.0,2.7,57.0,94.0,55.0,83,56,63.0,Average Performer
S0860,60.0,4.3,81.0,61.0,36.0,66,42,58.28,Average Performer
S0861,100.0,3.8,99.0,59.0,95.0,48,55,74.06,Average Performer
S0862,88.0,4.8,59.0,90.0,92.0,86,85,79.61,High Performer
S0863,87.0,6.2,45.0,89.0,77.0,55,69,74.11,Average Performer
S0864,83.0,6.0,51.0,44.0,93.0,95,91,66.99,Average Performer
S0865,87.0,4.6,41.0,81.0,94.0,51,68,69.7,Average Performer
S0866,99.0,6.8,46.0,57.0,72.0,70,84,71.63,Average Performer
S0867,83.0,4.0,55.0,55.0,92.0,63,54,70.57,Average Performer
S0868,67.0,7.3,42.0,55.0,74.0,94,85,73.01,Average Performer
S0869,79.0,1.5,84.0,77.0,70.0,53,95,75.23,High Performer
S0870,64.0,7.7,42.0,47.0,84.0,84,64,65.03,Average Performer
S0871,76.0,5.6,66.0,71.0,94.0,64,90,73.15,Average Performer
S0872,100.0,3.7,89.0,67.0,77.0,73,77,79.77,High Performer
S0873,83.0,2.4,82.0,58.0,71.0,42,81,63.72,Average Performer
S0874,87.0,4.4,79.0,78.0,49.0,63,98,67.96,Average Performer
S0875,82.0,2.4,77.0,45.0,62.0,93,86,64.43,Average Performer
S0876,73.0,2.2,72.0,51.0,52.0,81,92,59.61,Average Performer
S0877,64.0,5.3,67.0,38.0,68.0,48,93,60.04,Average Performer
S0878,79.0,4.7,40.0,81.0,56.0,65,91,63.14,Average Performer
S0879,91.0,5.7,94.0,59.0,45.0,59,97,69.81,Average Performer
S0880,100.0,7.5,47.0,64.0,92.0,79,77,82.28,High Performer
S0881,66.0,4.7,76.0,43.0,91.0,49,62,64.47,Average Performer
S0882,54.0,5.1,71.0,55.0,47.0,58,64,60.5,Average Performer
S0883,78.0,1.6,99.0,54.0,38.0,42,81,62.31,Average Performer
S0884,53.0,6.0,87.0,53.0,56.0,63,46,61.83,Average Performer
S0885,59.0,3.8,82.0,53.0,41.0,44,61,53.09,Average Performer
S0886,66.0,7.8,76.0,46.0,95.0,42,56,70.72,Average Performer
S0887,59.0,6.8,43.0,71.0,77.0,66,57,63.35,Average Performer
S0888,66.0,4.7,69.0,76.0,88.0,55,88,70.94,Average Performer
S0889,69.0,1.9,45.0,51.0,58.0,88,80,58.04,Average Performer
S0890,73.0,7.0,85.0,71.0,38.0,54,49,63.98,Average Performer
S0891,54.0,6.6,93.0,88.0,62.0,74,49,69.04,Average Performer
S0892,83.0,2.3,58.0,82.0,49.0,51,96,59.12,Average Performer
S0893,55.0,3.1,71.0,73.0,35.0,80,46,59.53,Average Performer
S0894,51.0,6.6,48.0,62.0,89.0,92,87,69.46,Average Performer
S0895,62.0,2.3,51.0,75.0,37.0,83,100,52.89,Average Performer
S0896,92.0,7.4,50.0,69.0,48.0,65,89,65.41,Average Performer
S0897,92.0,4.0,85.0,81.0,72.0,86,77,78.74,High Performer
S0898,97.0,1.6,94.0,82.0,84.0,73,66,80.23,High Performer
S0899,60.0,6.7,55.0,52.0,91.0,62,91,61.74,Average Performer
S0900,100.0,3.6,40.0,48.0,35.0,70,72,56.53,Average Performer
S0901,96.0,4.7,84.0,69.0,72.0,89,40,77.22,High Performer
S0902,72.0,1.8,94.0,78.0,72.0,59,83,69.3,Average Performer
S0903,65.0,1.0,92.0,75.0,55.0,51,92,64.27,Average Performer
S0904,80.0,5.5,60.0,94.0,82.0,62,99,75.39,High Performer
S0905,60.0,4.6,69.0,41.0,63.0,43,73,58.43,Average Performer
S0906,65.0,5.2,52.0,75.0,39.0,62,43,54.75,Average Performer
S0907,57.0,6.6,73.0,47.0,83.0,87,56,63.02,Average Performer
S0908,53.0,5.5,43.0,52.0,44.0,94,43,53.39,Average Performer
S0909,89.0,2.2,67.0,71.0,62.0,87,82,65.15,Average Performer
S0910,53.0,3.5,77.0,47.0,55.0,40,93,48.38,Needs Attention
S0911,74.0,7.3,97.0,70.0,84.0,93,65,83.25,High Performer
S0912,52.0,6.4,70.0,65.0,41.0,64,43,54.1,Average Performer
S0913,81.0,4.9,98.0,36.0,37.0,41,40,52.5,Average Performer
S0914,52.0,2.8,94.0,50.0,79.0,69,46,59.86,Average Performer
S0915,76.0,3.1,66.0,43.0,81.0,42,69,58.08,Average Performer
S0916,78.0,6.1,44.0,43.0,54.0,60,89,57.72,Average Performer
S0917,81.0,7.0,64.0,72.0,53.0,64,48,63.32,Average Performer
S0918,99.0,5.7,42.0,45.0,69.0,59,100,66.99,Average Performer
S0919,100.0,6.7,72.0,88.0,38.0,88,74,77.14,High Performer
S0920,68.0,6.4,43.0,90.0,39.0,91,47,59.88,Average Performer
S0921,70.0,2.0,64.0,56.0,35.0,61,100,53.05,Average Performer
S0922,54.0,4.0,59.0,67.0,38.0,60,63,52.23,Average Performer
S0923,67.0,2.1,73.0,70.0,46.0,72,58,59.25,Average Performer
S0924,77.0,2.6,65.0,79.0,94.0,91,75,78.45,High Performer
S0925,91.0,7.1,44.0,57.0,61.0,77,89,71.07,Average Performer
S0926,71.0,4.3,74.0,79.0,90.0,54,91,80.85,High Performer
S0927,70.0,4.7,100.0,79.0,76.0,85,98,71.29,Average Performer
S0928,55.0,2.2,67.0,68.0,57.0,91,82,58.68,Average Performer
S0929,50.0,3.2,68.0,43.0,59.0,54,66,57.94,Average Performer
S0930,54.0,2.6,48.0,58.0,55.0,85,71,49.85,Needs Attention
S0931,90.0,2.4,91.0,42.0,95.0,64,53,75.87,High Performer
S0932,61.0,5.5,77.0,41.0,92.0,60,96,67.09,Average Performer
S0933,75.0,2.8,89.0,70.0,86.0,63,57,72.05,Average Performer
S0934,95.0,5.4,45.0,52.0,58.0,44,67,57.06,Average Performer
S0935,83.0,1.4,58.0,37.0,59.0,45,99,54.0,Average Performer
S0936,98.0,2.0,99.0,62.0,79.0,88,68,82.09,High Performer
S0937,63.0,2.9,83.0,40.0,89.0,82,55,64.56,Average Performer
S0938,75.0,5.2,96.0,78.0,80.0,87,74,77.27,High Performer
S0939,94.0,5.7,50.0,78.0,66.0,83,86,74.62,Average Performer
S0940,76.0,4.1,41.0,55.0,89.0,86,98,67.17,Average Performer
S0941,58.0,4.1,86.0,62.0,66.0,62,98,66.34,Average Performer
S0942,75.0,6.1,83.0,74.0,39.0,43,70,61.4,Average Performer
S0943,96.0,1.1,83.0,88.0,70.0,66,43,72.87,Average Performer
S0944,71.0,3.4,48.0,88.0,80.0,57,76,65.98,Average Performer
S0945,96.0,6.7,60.0,35.0,76.0,60,56,60.49,Average Performer
S0946,79.0,5.2,63.0,70.0,83.0,67,78,73.1,Average Performer
S0947,92.0,3.4,73.0,55.0,76.0,74,87,67.0,Average Performer
S0948,97.0,7.3,61.0,94.0,92.0,61,85,82.91,High Performer
S0949,66.0,6.4,42.0,77.0,73.0,79,65,69.83,Average Performer
S0950,75.0,2.9,51.0,69.0,50.0,62,87,55.41,Average Performer
S0951,85.0,5.5,67.0,47.0,67.0,42,78,65.26,Average Performer
S0952,50.0,5.2,69.0,91.0,83.0,79,80,71.35,Average Performer
S0953,57.0,3.8,65.0,83.0,55.0,89,43,60.7,Average Performer
S0954,98.0,3.6,87.0,88.0,95.0,49,69,87.27,High Performer
S0955,84.0,3.4,60.0,88.0,43.0,64,69,65.25,Average Performer
S0956,64.0,5.3,67.0,44.0,40.0,91,61,55.4,Average Performer
S0957,96.0,4.1,95.0,87.0,85.0,88,50,80.91,High Performer
S0958,71.0,6.8,65.0,78.0,79.0,47,41,71.54,Average Performer
S0959,63.0,5.7,72.0,81.0,69.0,94,83,70.81,Average Performer
S0960,75.0,1.5,60.0,87.0,73.0,50,51,67.32,Average Performer
S0961,77.0,5.5,74.0,44.0,56.0,44,69,59.84,Average Performer
S0962,72.0,2.9,91.0,80.0,75.0,84,75,77.45,High Performer
S0963,63.0,5.1,73.0,47.0,88.0,92,57,64.57,Average Performer
S0964,73.0,5.8,80.0,71.0,39.0,94,65,64.34,Average Performer
S0965,51.0,2.6,90.0,72.0,76.0,76,92,67.26,Average Performer
S0966,94.0,4.2,86.0,58.0,57.0,95,46,70.11,Average Performer
S0967,75.0,2.3,57.0,36.0,51.0,84,100,55.59,Average Performer
S0968,63.0,1.4,97.0,56.0,46.0,77,40,66.54,Average Performer
S0969,100.0,3.6,50.0,51.0,57.0,68,97,70.54,Average Performer
S0970,56.0,3.5,96.0,70.0,50.0,44,65,61.65,Average Performer
S0971,52.0,8.0,62.0,48.0,37.0,48,62,53.85,Average Performer
S0972,96.0,4.1,87.0,44.0,64.0,87,65,69.19,Average Performer
S0973,72.0,3.3,61.0,69.0,91.0,41,84,64.0,Average Performer
S0974,95.0,5.1,56.0,59.0,56.0,40,45,61.2,Average Performer
S0975,92.0,1.6,44.0,37.0,43.0,79,45,55.06,Average Performer
S0976,96.0,7.7,83.0,81.0,63.0,90,83,85.22,High Performer
S0977,94.0,5.4,50.0,72.0,81.0,69,47,74.54,Average Performer
S0978,67.0,6.3,69.0,51.0,71.0,50,63,58.07,Average Performer
S0979,87.0,2.2,54.0,46.0,57.0,67,61,57.18,Average Performer
S0980,84.0,3.9,66.0,88.0,47.0,83,58,64.39,Average Performer
S0981,100.0,4.0,74.0,86.0,66.0,51,76,77.91,High Performer
S0982,64.0,6.8,72.0,58.0,80.0,78,57,67.41,Average Performer
S0983,74.0,1.0,59.0,63.0,86.0,65,70,64.31,Average Performer
S0984,86.0,3.1,100.0,77.0,81.0,52,76,77.34,High Performer
S0985,77.0,7.9,55.0,59.0,82.0,47,69,76.2,High Performer
S0986,59.0,4.3,73.0,70.0,57.0,93,96,67.35,Average Performer
S0987,88.0,3.7,41.0,92.0,79.0,67,81,71.69,Average Performer
S0988,66.0,1.8,74.0,94.0,51.0,69,72,61.88,Average Performer
S0989,88.0,7.8,79.0,60.0,89.0,48,49,78.68,High Performer
S0990,71.0,1.1,95.0,72.0,74.0,78,76,69.81,Average Performer
S0991,75.0,6.2,67.0,35.0,55.0,70,51,63.77,Average Performer
S0992,93.0,6.4,86.0,54.0,36.0,60,93,69.87,Average Performer
S0993,74.0,2.7,78.0,89.0,71.0,95,69,72.76,Average Performer
S0994,66.0,5.7,45.0,62.0,40.0,86,66,53.77,Average Performer
S0995,62.0,1.7,48.0,50.0,78.0,73,78,58.92,Average Performer
S0996,69.0,2.8,59.0,81.0,52.0,94,48,62.01,Average Performer
S0997,74.0,6.5,99.0,51.0,64.0,70,93,70.92,Average Performer
S0998,53.0,7.1,40.0,74.0,56.0,91,60,64.95,Average Performer
S0999,59.0,5.3,47.0,62.0,88.0,64,51,58.14,Average Performer
S1000,52.0,4.5,94.0,92.0,67.0,51,94,71.39,Average Performer
